<?xml version="1.0" encoding="UTF-8"?>
<!DOCTYPE hibernate-mapping PUBLIC
        "-//Hibernate/Hibernate Mapping DTD 3.0//EN"
        "http://www.hibernate.org/dtd/hibernate-mapping-3.0.dtd">
<hibernate-mapping>
<class name="com.nttdata.manyToOne.Product">
<id name="proId"></id>
<property name="ProductId"></property>
<id name="proName"></id>
<property name="ProductName"></property>

<many-to-one name="Category" column="category" class="com.nttdata.manyToOne.Category" cascade="all">
</many-to-one>
</class>
</hibernate-mapping>      